[
  {
    "nome_comune": "Agliè",
    "codice_provincia": "TO",
    "lat": 45.3634669,
    "lon": 7.7686057,
    "superficie_kmq": 13.2407,
    "flag_capoluogo": "NO",
    "pageviews": null,
    "provincia": "Torino",
    "regione": "Piemonte",
    "abitanti": null,
    "immagine": "https://upload.wikimedia.org/wikipedia/commons/thumb/b/be/Agli%C3%A8_castello.JPG/330px-Agli%C3%A8_castello.JPG"
  },
  {
    "nome_comune": "Airasca",
    "codice_provincia": "TO",
    "lat": 44.9170061,
    "lon": 7.4845045,
    "superficie_kmq": 16.0327,
    "flag_capoluogo": "NO",
    "pageviews": null,
    "provincia": "Torino",
    "regione": "Piemonte",
    "abitanti": null,
    "immagine": "https://upload.wikimedia.org/wikipedia/commons/thumb/6/6e/Airasca_sping_2009.jpg/330px-Airasca_sping_2009.jpg"
  },
  {
    "nome_comune": "Ala di Stura",
    "codice_provincia": "TO",
    "lat": 45.3149237,
    "lon": 7.304367,
    "superficie_kmq": 46.1749,
    "flag_capoluogo": "NO",
    "pageviews": null,
    "provincia": "Torino",
    "regione": "Piemonte",
    "abitanti": null,
    "immagine": null
  },
  {
    "nome_comune": "Albiano d'Ivrea",
    "codice_provincia": "TO",
    "lat": 45.4336463,
    "lon": 7.9495045,
    "superficie_kmq": 11.677,
    "flag_capoluogo": "NO",
    "pageviews": null,
    "provincia": "Torino",
    "regione": "Piemonte",
    "abitanti": null,
    "immagine": "https://upload.wikimedia.org/wikipedia/commons/thumb/7/7a/Albiano_Ivrea_Panorama.JPG/330px-Albiano_Ivrea_Panorama.JPG"
  },
  {
    "nome_comune": "Almese",
    "codice_provincia": "TO",
    "lat": 45.1176654,
    "lon": 7.3951859,
    "superficie_kmq": 17.9879,
    "flag_capoluogo": "NO",
    "pageviews": null,
    "provincia": "Torino",
    "regione": "Piemonte",
    "abitanti": null,
    "immagine": null
  },
  {
    "nome_comune": "Alpette",
    "codice_provincia": "TO",
    "lat": 45.4099554,
    "lon": 7.5785615,
    "superficie_kmq": 5.5557,
    "flag_capoluogo": "NO",
    "pageviews": null,
    "provincia": "Torino",
    "regione": "Piemonte",
    "abitanti": null,
    "immagine": "https://upload.wikimedia.org/wikipedia/commons/thumb/3/38/ALPETTE.JPG/330px-ALPETTE.JPG"
  },
  {
    "nome_comune": "Alpignano",
    "codice_provincia": "TO",
    "lat": 45.0944686,
    "lon": 7.5242628,
    "superficie_kmq": 11.8972,
    "flag_capoluogo": "NO",
    "pageviews": null,
    "provincia": "Torino",
    "regione": "Piemonte",
    "abitanti": null,
    "immagine": null
  },
  {
    "nome_comune": "Andezeno",
    "codice_provincia": "TO",
    "lat": 45.0358946,
    "lon": 7.8699281,
    "superficie_kmq": 7.4766,
    "flag_capoluogo": "NO",
    "pageviews": null,
    "provincia": "Torino",
    "regione": "Piemonte",
    "abitanti": null,
    "immagine": "https://upload.wikimedia.org/wikipedia/commons/thumb/3/3b/45._Andezeno.jpg/330px-45._Andezeno.jpg"
  },
  {
    "nome_comune": "Andrate",
    "codice_provincia": "TO",
    "lat": 45.5283724,
    "lon": 7.8738546,
    "superficie_kmq": 9.3573,
    "flag_capoluogo": "NO",
    "pageviews": null,
    "provincia": "Torino",
    "regione": "Piemonte",
    "abitanti": null,
    "immagine": null
  },
  {
    "nome_comune": "Angrogna",
    "codice_provincia": "TO",
    "lat": 44.8436082,
    "lon": 7.2242658,
    "superficie_kmq": 38.4088,
    "flag_capoluogo": "NO",
    "pageviews": null,
    "provincia": "Torino",
    "regione": "Piemonte",
    "abitanti": null,
    "immagine": null
  },
  {
    "nome_comune": "Arignano",
    "codice_provincia": "TO",
    "lat": 45.0437016,
    "lon": 7.901897,
    "superficie_kmq": 7.9611,
    "flag_capoluogo": "NO",
    "pageviews": null,
    "provincia": "Torino",
    "regione": "Piemonte",
    "abitanti": null,
    "immagine": "https://upload.wikimedia.org/wikipedia/commons/thumb/5/59/Arignano_municipio.jpg/330px-Arignano_municipio.jpg"
  },
  {
    "nome_comune": "Avigliana",
    "codice_provincia": "TO",
    "lat": 45.0793678,
    "lon": 7.3963516,
    "superficie_kmq": 22.9933,
    "flag_capoluogo": "NO",
    "pageviews": null,
    "provincia": "Torino",
    "regione": "Piemonte",
    "abitanti": null,
    "immagine": null
  },
  {
    "nome_comune": "Azeglio",
    "codice_provincia": "TO",
    "lat": 45.4248532,
    "lon": 7.9947436,
    "superficie_kmq": 9.8641,
    "flag_capoluogo": "NO",
    "pageviews": null,
    "provincia": "Torino",
    "regione": "Piemonte",
    "abitanti": null,
    "immagine": null
  },
  {
    "nome_comune": "Bairo",
    "codice_provincia": "TO",
    "lat": 45.3862699,
    "lon": 7.7569141,
    "superficie_kmq": 7.0805,
    "flag_capoluogo": "NO",
    "pageviews": null,
    "provincia": "Torino",
    "regione": "Piemonte",
    "abitanti": null,
    "immagine": null
  },
  {
    "nome_comune": "Balangero",
    "codice_provincia": "TO",
    "lat": 45.270003,
    "lon": 7.5192683,
    "superficie_kmq": 12.9315,
    "flag_capoluogo": "NO",
    "pageviews": null,
    "provincia": "Torino",
    "regione": "Piemonte",
    "abitanti": null,
    "immagine": "https://upload.wikimedia.org/wikipedia/commons/thumb/5/5a/Balangero_dalla_collina_di_la_cassa.jpg/330px-Balangero_dalla_collina_di_la_cassa.jpg"
  },
  {
    "nome_comune": "Baldissero Canavese",
    "codice_provincia": "TO",
    "lat": 45.4084019,
    "lon": 7.7443534,
    "superficie_kmq": 4.6465,
    "flag_capoluogo": "NO",
    "pageviews": null,
    "provincia": "Torino",
    "regione": "Piemonte",
    "abitanti": null,
    "immagine": "https://upload.wikimedia.org/wikipedia/commons/thumb/4/4d/Baldissero_Canavese_Chiesa_Parrocchiale.jpg/330px-Baldissero_Canavese_Chiesa_Parrocchiale.jpg"
  },
  {
    "nome_comune": "Baldissero Torinese",
    "codice_provincia": "TO",
    "lat": 45.0684291,
    "lon": 7.8177989,
    "superficie_kmq": 15.5118,
    "flag_capoluogo": "NO",
    "pageviews": null,
    "provincia": "Torino",
    "regione": "Piemonte",
    "abitanti": null,
    "immagine": "https://upload.wikimedia.org/wikipedia/commons/thumb/4/47/BaldisseroTorinese%2C_Italy_panorama.jpg/330px-BaldisseroTorinese%2C_Italy_panorama.jpg"
  },
  {
    "nome_comune": "Balme",
    "codice_provincia": "TO",
    "lat": 45.3023388,
    "lon": 7.2183609,
    "superficie_kmq": 62.7379,
    "flag_capoluogo": "NO",
    "pageviews": null,
    "provincia": "Torino",
    "regione": "Piemonte",
    "abitanti": null,
    "immagine": null
  },
  {
    "nome_comune": "Banchette",
    "codice_provincia": "TO",
    "lat": 45.4608248,
    "lon": 7.8563818,
    "superficie_kmq": 2.0108,
    "flag_capoluogo": "NO",
    "pageviews": null,
    "provincia": "Torino",
    "regione": "Piemonte",
    "abitanti": null,
    "immagine": null
  },
  {
    "nome_comune": "Barbania",
    "codice_provincia": "TO",
    "lat": 45.2904913,
    "lon": 7.6304781,
    "superficie_kmq": 12.7821,
    "flag_capoluogo": "NO",
    "pageviews": null,
    "provincia": "Torino",
    "regione": "Piemonte",
    "abitanti": null,
    "immagine": "https://upload.wikimedia.org/wikipedia/commons/thumb/b/b5/Chiesa_S.Giuliano_martire.JPG/330px-Chiesa_S.Giuliano_martire.JPG"
  },
  {
    "nome_comune": "Bardonecchia",
    "codice_provincia": "TO",
    "lat": 45.0781507,
    "lon": 6.7038976,
    "superficie_kmq": 132.3111,
    "flag_capoluogo": "NO",
    "pageviews": null,
    "provincia": "Torino",
    "regione": "Piemonte",
    "abitanti": null,
    "immagine": "https://upload.wikimedia.org/wikipedia/commons/thumb/e/ef/Bardonecchia_panorama.jpg/330px-Bardonecchia_panorama.jpg"
  },
  {
    "nome_comune": "Barone Canavese",
    "codice_provincia": "TO",
    "lat": 45.3277288,
    "lon": 7.8705578,
    "superficie_kmq": 3.9888,
    "flag_capoluogo": "NO",
    "pageviews": null,
    "provincia": "Torino",
    "regione": "Piemonte",
    "abitanti": null,
    "immagine": null
  },
  {
    "nome_comune": "Beinasco",
    "codice_provincia": "TO",
    "lat": 45.0220788,
    "lon": 7.5790186,
    "superficie_kmq": 6.9173,
    "flag_capoluogo": "NO",
    "pageviews": null,
    "provincia": "Torino",
    "regione": "Piemonte",
    "abitanti": null,
    "immagine": null
  },
  {
    "nome_comune": "Bibiana",
    "codice_provincia": "TO",
    "lat": 44.797598,
    "lon": 7.2898046,
    "superficie_kmq": 18.4711,
    "flag_capoluogo": "NO",
    "pageviews": null,
    "provincia": "Torino",
    "regione": "Piemonte",
    "abitanti": null,
    "immagine": null
  },
  {
    "nome_comune": "Bobbio Pellice",
    "codice_provincia": "TO",
    "lat": 44.8076971,
    "lon": 7.1170209,
    "superficie_kmq": 94.1049,
    "flag_capoluogo": "NO",
    "pageviews": null,
    "provincia": "Torino",
    "regione": "Piemonte",
    "abitanti": null,
    "immagine": "https://upload.wikimedia.org/wikipedia/commons/thumb/9/93/Bobbio_Pellice.jpg/330px-Bobbio_Pellice.jpg"
  },
  {
    "nome_comune": "Bollengo",
    "codice_provincia": "TO",
    "lat": 45.4733455,
    "lon": 7.9453007,
    "superficie_kmq": 14.3398,
    "flag_capoluogo": "NO",
    "pageviews": null,
    "provincia": "Torino",
    "regione": "Piemonte",
    "abitanti": null,
    "immagine": null
  },
  {
    "nome_comune": "Borgaro Torinese",
    "codice_provincia": "TO",
    "lat": 45.152005,
    "lon": 7.6578945,
    "superficie_kmq": 10.8136,
    "flag_capoluogo": "NO",
    "pageviews": null,
    "provincia": "Torino",
    "regione": "Piemonte",
    "abitanti": null,
    "immagine": "https://upload.wikimedia.org/wikipedia/commons/thumb/6/6e/Borgaro_torinese_municipio.jpg/330px-Borgaro_torinese_municipio.jpg"
  },
  {
    "nome_comune": "Borgiallo",
    "codice_provincia": "TO",
    "lat": 45.4167662,
    "lon": 7.6677454,
    "superficie_kmq": 7.0506,
    "flag_capoluogo": "NO",
    "pageviews": null,
    "provincia": "Torino",
    "regione": "Piemonte",
    "abitanti": null,
    "immagine": "https://upload.wikimedia.org/wikipedia/commons/thumb/7/7f/Quinseina_da_borgiallo_san_carlo.jpg/330px-Quinseina_da_borgiallo_san_carlo.jpg"
  },
  {
    "nome_comune": "Borgofranco d'Ivrea",
    "codice_provincia": "TO",
    "lat": 45.5124142,
    "lon": 7.8594264,
    "superficie_kmq": 13.3007,
    "flag_capoluogo": "NO",
    "pageviews": null,
    "provincia": "Torino",
    "regione": "Piemonte",
    "abitanti": null,
    "immagine": "https://upload.wikimedia.org/wikipedia/commons/thumb/b/b6/Borgofranco_Ivrea_Palazzo_Marini.JPG/330px-Borgofranco_Ivrea_Palazzo_Marini.JPG"
  },
  {
    "nome_comune": "Borgomasino",
    "codice_provincia": "TO",
    "lat": 45.3616875,
    "lon": 7.9887949,
    "superficie_kmq": 12.097,
    "flag_capoluogo": "NO",
    "pageviews": null,
    "provincia": "Torino",
    "regione": "Piemonte",
    "abitanti": null,
    "immagine": "https://upload.wikimedia.org/wikipedia/commons/thumb/2/2a/Borgomasino_da_est.jpg/330px-Borgomasino_da_est.jpg"
  },
  {
    "nome_comune": "Borgone Susa",
    "codice_provincia": "TO",
    "lat": 45.1231172,
    "lon": 7.2412061,
    "superficie_kmq": 4.9407,
    "flag_capoluogo": "NO",
    "pageviews": null,
    "provincia": "Torino",
    "regione": "Piemonte",
    "abitanti": null,
    "immagine": null
  },
  {
    "nome_comune": "Bosconero",
    "codice_provincia": "TO",
    "lat": 45.2686534,
    "lon": 7.7651464,
    "superficie_kmq": 10.9326,
    "flag_capoluogo": "NO",
    "pageviews": null,
    "provincia": "Torino",
    "regione": "Piemonte",
    "abitanti": null,
    "immagine": null
  },
  {
    "nome_comune": "Brandizzo",
    "codice_provincia": "TO",
    "lat": 45.1775115,
    "lon": 7.8414393,
    "superficie_kmq": 6.3944,
    "flag_capoluogo": "NO",
    "pageviews": null,
    "provincia": "Torino",
    "regione": "Piemonte",
    "abitanti": null,
    "immagine": null
  },
  {
    "nome_comune": "Bricherasio",
    "codice_provincia": "TO",
    "lat": 44.8255744,
    "lon": 7.3028322,
    "superficie_kmq": 22.8629,
    "flag_capoluogo": "NO",
    "pageviews": null,
    "provincia": "Torino",
    "regione": "Piemonte",
    "abitanti": null,
    "immagine": "https://upload.wikimedia.org/wikipedia/commons/thumb/2/24/Bricherasio_municipio.jpg/330px-Bricherasio_municipio.jpg"
  },
  {
    "nome_comune": "Brosso",
    "codice_provincia": "TO",
    "lat": 45.4926955,
    "lon": 7.8033171,
    "superficie_kmq": 11.1146,
    "flag_capoluogo": "NO",
    "pageviews": null,
    "provincia": "Torino",
    "regione": "Piemonte",
    "abitanti": null,
    "immagine": "https://upload.wikimedia.org/wikipedia/commons/thumb/e/e3/Brosso_Piazza_Municipio.jpg/330px-Brosso_Piazza_Municipio.jpg"
  },
  {
    "nome_comune": "Brozolo",
    "codice_provincia": "TO",
    "lat": 45.1173992,
    "lon": 8.0712843,
    "superficie_kmq": 8.9214,
    "flag_capoluogo": "NO",
    "pageviews": null,
    "provincia": "Torino",
    "regione": "Piemonte",
    "abitanti": null,
    "immagine": null
  },
  {
    "nome_comune": "Bruino",
    "codice_provincia": "TO",
    "lat": 45.0202276,
    "lon": 7.4677006,
    "superficie_kmq": 5.7648,
    "flag_capoluogo": "NO",
    "pageviews": null,
    "provincia": "Torino",
    "regione": "Piemonte",
    "abitanti": null,
    "immagine": "https://upload.wikimedia.org/wikipedia/commons/thumb/9/92/Bruino_10-2011_-_panoramio.jpg/330px-Bruino_10-2011_-_panoramio.jpg"
  },
  {
    "nome_comune": "Brusasco",
    "codice_provincia": "TO",
    "lat": 45.1560453,
    "lon": 8.0601414,
    "superficie_kmq": 14.221,
    "flag_capoluogo": "NO",
    "pageviews": null,
    "provincia": "Torino",
    "regione": "Piemonte",
    "abitanti": null,
    "immagine": "https://upload.wikimedia.org/wikipedia/commons/thumb/6/68/Palazzo_Ellena.JPG/330px-Palazzo_Ellena.JPG"
  },
  {
    "nome_comune": "Bruzolo",
    "codice_provincia": "TO",
    "lat": 45.1431777,
    "lon": 7.1939889,
    "superficie_kmq": 12.5302,
    "flag_capoluogo": "NO",
    "pageviews": null,
    "provincia": "Torino",
    "regione": "Piemonte",
    "abitanti": null,
    "immagine": "https://upload.wikimedia.org/wikipedia/commons/thumb/1/19/Bruzolo.jpg/330px-Bruzolo.jpg"
  },
  {
    "nome_comune": "Buriasco",
    "codice_provincia": "TO",
    "lat": 44.8735338,
    "lon": 7.4118721,
    "superficie_kmq": 14.7791,
    "flag_capoluogo": "NO",
    "pageviews": null,
    "provincia": "Torino",
    "regione": "Piemonte",
    "abitanti": null,
    "immagine": "https://upload.wikimedia.org/wikipedia/commons/thumb/3/34/Buriasco_municipio.jpg/330px-Buriasco_municipio.jpg"
  },
  {
    "nome_comune": "Burolo",
    "codice_provincia": "TO",
    "lat": 45.4840947,
    "lon": 7.9319799,
    "superficie_kmq": 5.4655,
    "flag_capoluogo": "NO",
    "pageviews": null,
    "provincia": "Torino",
    "regione": "Piemonte",
    "abitanti": null,
    "immagine": "https://upload.wikimedia.org/wikipedia/commons/thumb/f/fa/Burolo_Parrocchiale.JPG/330px-Burolo_Parrocchiale.JPG"
  },
  {
    "nome_comune": "Busano",
    "codice_provincia": "TO",
    "lat": 45.3288942,
    "lon": 7.6554181,
    "superficie_kmq": 5.0997,
    "flag_capoluogo": "NO",
    "pageviews": null,
    "provincia": "Torino",
    "regione": "Piemonte",
    "abitanti": null,
    "immagine": "https://upload.wikimedia.org/wikipedia/commons/thumb/4/41/Busano_Chiesa_Parrocchiale.jpg/330px-Busano_Chiesa_Parrocchiale.jpg"
  },
  {
    "nome_comune": "Bussoleno",
    "codice_provincia": "TO",
    "lat": 45.1373365,
    "lon": 7.1493898,
    "superficie_kmq": 37.4083,
    "flag_capoluogo": "NO",
    "pageviews": null,
    "provincia": "Torino",
    "regione": "Piemonte",
    "abitanti": null,
    "immagine": "https://upload.wikimedia.org/wikipedia/commons/thumb/f/fb/BussolenoDaSopra.JPG/330px-BussolenoDaSopra.JPG"
  },
  {
    "nome_comune": "Buttigliera Alta",
    "codice_provincia": "TO",
    "lat": 45.0669813,
    "lon": 7.4368254,
    "superficie_kmq": 8.1008,
    "flag_capoluogo": "NO",
    "pageviews": null,
    "provincia": "Torino",
    "regione": "Piemonte",
    "abitanti": null,
    "immagine": "https://upload.wikimedia.org/wikipedia/commons/thumb/9/9f/Buttigliera_alta_da_costa_musin%C3%A8.jpg/330px-Buttigliera_alta_da_costa_musin%C3%A8.jpg"
  },
  {
    "nome_comune": "Cafasse",
    "codice_provincia": "TO",
    "lat": 45.2446575,
    "lon": 7.5181803,
    "superficie_kmq": 10.4286,
    "flag_capoluogo": "NO",
    "pageviews": null,
    "provincia": "Torino",
    "regione": "Piemonte",
    "abitanti": null,
    "immagine": null
  },
  {
    "nome_comune": "Caluso",
    "codice_provincia": "TO",
    "lat": 45.3078184,
    "lon": 7.8914899,
    "superficie_kmq": 39.3056,
    "flag_capoluogo": "NO",
    "pageviews": null,
    "provincia": "Torino",
    "regione": "Piemonte",
    "abitanti": null,
    "immagine": "https://upload.wikimedia.org/wikipedia/commons/thumb/9/9d/Caluso_veduta.jpg/330px-Caluso_veduta.jpg"
  },
  {
    "nome_comune": "Cambiano",
    "codice_provincia": "TO",
    "lat": 44.9734653,
    "lon": 7.7792962,
    "superficie_kmq": 14.1118,
    "flag_capoluogo": "NO",
    "pageviews": null,
    "provincia": "Torino",
    "regione": "Piemonte",
    "abitanti": null,
    "immagine": null
  },
  {
    "nome_comune": "Campiglione Fenile",
    "codice_provincia": "TO",
    "lat": 44.8021531,
    "lon": 7.3250696,
    "superficie_kmq": 11.2164,
    "flag_capoluogo": "NO",
    "pageviews": null,
    "provincia": "Torino",
    "regione": "Piemonte",
    "abitanti": null,
    "immagine": "https://upload.wikimedia.org/wikipedia/commons/thumb/3/3f/Campiglione_fenile_municipio.jpg/330px-Campiglione_fenile_municipio.jpg"
  },
  {
    "nome_comune": "Candia Canavese",
    "codice_provincia": "TO",
    "lat": 45.3281447,
    "lon": 7.8865424,
    "superficie_kmq": 9.3217,
    "flag_capoluogo": "NO",
    "pageviews": null,
    "provincia": "Torino",
    "regione": "Piemonte",
    "abitanti": null,
    "immagine": "https://upload.wikimedia.org/wikipedia/commons/thumb/0/08/CandiaCse.jpg/330px-CandiaCse.jpg"
  },
  {
    "nome_comune": "Candiolo",
    "codice_provincia": "TO",
    "lat": 44.9603898,
    "lon": 7.6013874,
    "superficie_kmq": 12.0907,
    "flag_capoluogo": "NO",
    "pageviews": null,
    "provincia": "Torino",
    "regione": "Piemonte",
    "abitanti": null,
    "immagine": "https://upload.wikimedia.org/wikipedia/commons/thumb/8/8c/Candiolo.jpg/330px-Candiolo.jpg"
  },
  {
    "nome_comune": "Canischio",
    "codice_provincia": "TO",
    "lat": 45.3743281,
    "lon": 7.5951811,
    "superficie_kmq": 11.9514,
    "flag_capoluogo": "NO",
    "pageviews": null,
    "provincia": "Torino",
    "regione": "Piemonte",
    "abitanti": null,
    "immagine": null
  },
  {
    "nome_comune": "Cantalupa",
    "codice_provincia": "TO",
    "lat": 44.9402685,
    "lon": 7.3326819,
    "superficie_kmq": 11.3822,
    "flag_capoluogo": "NO",
    "pageviews": null,
    "provincia": "Torino",
    "regione": "Piemonte",
    "abitanti": null,
    "immagine": null
  },
  {
    "nome_comune": "Cantoira",
    "codice_provincia": "TO",
    "lat": 45.3432131,
    "lon": 7.3817884,
    "superficie_kmq": 23.0569,
    "flag_capoluogo": "NO",
    "pageviews": null,
    "provincia": "Torino",
    "regione": "Piemonte",
    "abitanti": null,
    "immagine": null
  },
  {
    "nome_comune": "Caprie",
    "codice_provincia": "TO",
    "lat": 45.1178288,
    "lon": 7.332553,
    "superficie_kmq": 16.3344,
    "flag_capoluogo": "NO",
    "pageviews": null,
    "provincia": "Torino",
    "regione": "Piemonte",
    "abitanti": null,
    "immagine": null
  },
  {
    "nome_comune": "Caravino",
    "codice_provincia": "TO",
    "lat": 45.3986173,
    "lon": 7.9601459,
    "superficie_kmq": 11.4834,
    "flag_capoluogo": "NO",
    "pageviews": null,
    "provincia": "Torino",
    "regione": "Piemonte",
    "abitanti": null,
    "immagine": "https://upload.wikimedia.org/wikipedia/commons/thumb/0/01/Caravino_via_Saudino.JPG/330px-Caravino_via_Saudino.JPG"
  },
  {
    "nome_comune": "Carema",
    "codice_provincia": "TO",
    "lat": 45.5844506,
    "lon": 7.8123537,
    "superficie_kmq": 10.5759,
    "flag_capoluogo": "NO",
    "pageviews": null,
    "provincia": "Torino",
    "regione": "Piemonte",
    "abitanti": null,
    "immagine": null
  },
  {
    "nome_comune": "Carignano",
    "codice_provincia": "TO",
    "lat": 44.9080171,
    "lon": 7.6760348,
    "superficie_kmq": 49.9511,
    "flag_capoluogo": "NO",
    "pageviews": null,
    "provincia": "Torino",
    "regione": "Piemonte",
    "abitanti": null,
    "immagine": null
  },
  {
    "nome_comune": "Carmagnola",
    "codice_provincia": "TO",
    "lat": 44.8464786,
    "lon": 7.7180847,
    "superficie_kmq": 95.9817,
    "flag_capoluogo": "NO",
    "pageviews": null,
    "provincia": "Torino",
    "regione": "Piemonte",
    "abitanti": null,
    "immagine": null
  },
  {
    "nome_comune": "Casalborgone",
    "codice_provincia": "TO",
    "lat": 45.1299488,
    "lon": 7.9405843,
    "superficie_kmq": 20.2674,
    "flag_capoluogo": "NO",
    "pageviews": null,
    "provincia": "Torino",
    "regione": "Piemonte",
    "abitanti": null,
    "immagine": null
  },
  {
    "nome_comune": "Cascinette d'Ivrea",
    "codice_provincia": "TO",
    "lat": 45.4787767,
    "lon": 7.9038942,
    "superficie_kmq": 2.2658,
    "flag_capoluogo": "NO",
    "pageviews": null,
    "provincia": "Torino",
    "regione": "Piemonte",
    "abitanti": null,
    "immagine": "https://upload.wikimedia.org/wikipedia/commons/thumb/c/cb/Cascinette_Ivrea_Campanile.jpg/330px-Cascinette_Ivrea_Campanile.jpg"
  },
  {
    "nome_comune": "Caselette",
    "codice_provincia": "TO",
    "lat": 45.1058965,
    "lon": 7.4832283,
    "superficie_kmq": 14.1999,
    "flag_capoluogo": "NO",
    "pageviews": null,
    "provincia": "Torino",
    "regione": "Piemonte",
    "abitanti": null,
    "immagine": "https://upload.wikimedia.org/wikipedia/commons/thumb/c/cb/Caselette_dal_musin%C3%A8.jpg/330px-Caselette_dal_musin%C3%A8.jpg"
  },
  {
    "nome_comune": "Caselle Torinese",
    "codice_provincia": "TO",
    "lat": 45.1772268,
    "lon": 7.647983,
    "superficie_kmq": 23.8012,
    "flag_capoluogo": "NO",
    "pageviews": null,
    "provincia": "Torino",
    "regione": "Piemonte",
    "abitanti": null,
    "immagine": "https://upload.wikimedia.org/wikipedia/commons/thumb/0/0d/Caselle001.JPG/330px-Caselle001.JPG"
  },
  {
    "nome_comune": "Castagneto Po",
    "codice_provincia": "TO",
    "lat": 45.1606279,
    "lon": 7.8870392,
    "superficie_kmq": 11.4318,
    "flag_capoluogo": "NO",
    "pageviews": null,
    "provincia": "Torino",
    "regione": "Piemonte",
    "abitanti": null,
    "immagine": "https://upload.wikimedia.org/wikipedia/commons/thumb/0/02/Castagneto_Po_cpa.jpg/330px-Castagneto_Po_cpa.jpg"
  },
  {
    "nome_comune": "Castagnole Piemonte",
    "codice_provincia": "TO",
    "lat": 44.8985413,
    "lon": 7.5665658,
    "superficie_kmq": 17.2175,
    "flag_capoluogo": "NO",
    "pageviews": null,
    "provincia": "Torino",
    "regione": "Piemonte",
    "abitanti": null,
    "immagine": null
  },
  {
    "nome_comune": "Castellamonte",
    "codice_provincia": "TO",
    "lat": 45.3833442,
    "lon": 7.7098255,
    "superficie_kmq": 38.2575,
    "flag_capoluogo": "NO",
    "pageviews": null,
    "provincia": "Torino",
    "regione": "Piemonte",
    "abitanti": null,
    "immagine": null
  },
  {
    "nome_comune": "Castelnuovo Nigra",
    "codice_provincia": "TO",
    "lat": 45.4372093,
    "lon": 7.6952282,
    "superficie_kmq": 28.6535,
    "flag_capoluogo": "NO",
    "pageviews": null,
    "provincia": "Torino",
    "regione": "Piemonte",
    "abitanti": null,
    "immagine": "https://upload.wikimedia.org/wikipedia/commons/thumb/b/b8/Castelnuovo_nigra_bric_filia_visitazione.jpg/330px-Castelnuovo_nigra_bric_filia_visitazione.jpg"
  },
  {
    "nome_comune": "Castiglione Torinese",
    "codice_provincia": "TO",
    "lat": 45.1233326,
    "lon": 7.8162459,
    "superficie_kmq": 14.2039,
    "flag_capoluogo": "NO",
    "pageviews": null,
    "provincia": "Torino",
    "regione": "Piemonte",
    "abitanti": null,
    "immagine": null
  },
  {
    "nome_comune": "Cavagnolo",
    "codice_provincia": "TO",
    "lat": 45.1521104,
    "lon": 8.0513851,
    "superficie_kmq": 12.6643,
    "flag_capoluogo": "NO",
    "pageviews": null,
    "provincia": "Torino",
    "regione": "Piemonte",
    "abitanti": null,
    "immagine": "https://upload.wikimedia.org/wikipedia/commons/thumb/2/2d/Chiesa_di_San_Secondo_-_Cavagnolo.JPG/330px-Chiesa_di_San_Secondo_-_Cavagnolo.JPG"
  },
  {
    "nome_comune": "Cavour",
    "codice_provincia": "TO",
    "lat": 44.7841236,
    "lon": 7.3751914,
    "superficie_kmq": 48.6086,
    "flag_capoluogo": "NO",
    "pageviews": null,
    "provincia": "Torino",
    "regione": "Piemonte",
    "abitanti": null,
    "immagine": null
  },
  {
    "nome_comune": "Cercenasco",
    "codice_provincia": "TO",
    "lat": 44.8612625,
    "lon": 7.5012234,
    "superficie_kmq": 13.2433,
    "flag_capoluogo": "NO",
    "pageviews": null,
    "provincia": "Torino",
    "regione": "Piemonte",
    "abitanti": null,
    "immagine": "https://upload.wikimedia.org/wikipedia/commons/thumb/a/aa/Cercenasco_municipio.jpg/330px-Cercenasco_municipio.jpg"
  },
  {
    "nome_comune": "Ceres",
    "codice_provincia": "TO",
    "lat": 45.3130672,
    "lon": 7.3893349,
    "superficie_kmq": 27.9603,
    "flag_capoluogo": "NO",
    "pageviews": null,
    "provincia": "Torino",
    "regione": "Piemonte",
    "abitanti": null,
    "immagine": "https://upload.wikimedia.org/wikipedia/commons/thumb/6/62/Ceres_%28Argentina%29_2019.jpg/330px-Ceres_%28Argentina%29_2019.jpg"
  },
  {
    "nome_comune": "Ceresole Reale",
    "codice_provincia": "TO",
    "lat": 45.4325151,
    "lon": 7.2325365,
    "superficie_kmq": 100.0257,
    "flag_capoluogo": "NO",
    "pageviews": null,
    "provincia": "Torino",
    "regione": "Piemonte",
    "abitanti": null,
    "immagine": null
  },
  {
    "nome_comune": "Cesana Torinese",
    "codice_provincia": "TO",
    "lat": 44.9524243,
    "lon": 6.794207,
    "superficie_kmq": 121.8391,
    "flag_capoluogo": "NO",
    "pageviews": null,
    "provincia": "Torino",
    "regione": "Piemonte",
    "abitanti": null,
    "immagine": null
  },
  {
    "nome_comune": "Chialamberto",
    "codice_provincia": "TO",
    "lat": 45.3628552,
    "lon": 7.34588,
    "superficie_kmq": 35.4132,
    "flag_capoluogo": "NO",
    "pageviews": null,
    "provincia": "Torino",
    "regione": "Piemonte",
    "abitanti": null,
    "immagine": "https://upload.wikimedia.org/wikipedia/commons/thumb/8/8f/VistaChiala.jpg/330px-VistaChiala.jpg"
  },
  {
    "nome_comune": "Chianocco",
    "codice_provincia": "TO",
    "lat": 45.148593,
    "lon": 7.1695443,
    "superficie_kmq": 18.7972,
    "flag_capoluogo": "NO",
    "pageviews": null,
    "provincia": "Torino",
    "regione": "Piemonte",
    "abitanti": null,
    "immagine": "https://upload.wikimedia.org/wikipedia/commons/thumb/f/fe/Castello_di_Chianocco.jpg/330px-Castello_di_Chianocco.jpg"
  },
  {
    "nome_comune": "Chiaverano",
    "codice_provincia": "TO",
    "lat": 45.5003948,
    "lon": 7.9023271,
    "superficie_kmq": 11.7809,
    "flag_capoluogo": "NO",
    "pageviews": null,
    "provincia": "Torino",
    "regione": "Piemonte",
    "abitanti": null,
    "immagine": "https://upload.wikimedia.org/wikipedia/commons/thumb/3/37/Chiaverano_Campanile_al_tramonto.JPG/330px-Chiaverano_Campanile_al_tramonto.JPG"
  },
  {
    "nome_comune": "Chieri",
    "codice_provincia": "TO",
    "lat": 45.0131646,
    "lon": 7.8210215,
    "superficie_kmq": 54.2119,
    "flag_capoluogo": "NO",
    "pageviews": null,
    "provincia": "Torino",
    "regione": "Piemonte",
    "abitanti": null,
    "immagine": null
  },
  {
    "nome_comune": "Chiesanuova",
    "codice_provincia": "TO",
    "lat": 45.4174247,
    "lon": 7.6568511,
    "superficie_kmq": 4.2282,
    "flag_capoluogo": "NO",
    "pageviews": null,
    "provincia": "Torino",
    "regione": "Piemonte",
    "abitanti": null,
    "immagine": null
  },
  {
    "nome_comune": "Chiomonte",
    "codice_provincia": "TO",
    "lat": 45.119667,
    "lon": 6.9840367,
    "superficie_kmq": 26.8478,
    "flag_capoluogo": "NO",
    "pageviews": null,
    "provincia": "Torino",
    "regione": "Piemonte",
    "abitanti": null,
    "immagine": null
  },
  {
    "nome_comune": "Chiusa di San Michele",
    "codice_provincia": "TO",
    "lat": 45.1015733,
    "lon": 7.3264647,
    "superficie_kmq": 5.8307,
    "flag_capoluogo": "NO",
    "pageviews": null,
    "provincia": "Torino",
    "regione": "Piemonte",
    "abitanti": null,
    "immagine": null
  },
  {
    "nome_comune": "Chivasso",
    "codice_provincia": "TO",
    "lat": 45.190849299999996,
    "lon": 7.8871226,
    "superficie_kmq": 50.8683,
    "flag_capoluogo": "NO",
    "pageviews": null,
    "provincia": "Torino",
    "regione": "Piemonte",
    "abitanti": null,
    "immagine": "https://upload.wikimedia.org/wikipedia/commons/thumb/3/3a/Duomo_di_Chivasso_Italia_5.jpg/330px-Duomo_di_Chivasso_Italia_5.jpg"
  },
  {
    "nome_comune": "Ciconio",
    "codice_provincia": "TO",
    "lat": 45.3303533,
    "lon": 7.7599853,
    "superficie_kmq": 3.0449,
    "flag_capoluogo": "NO",
    "pageviews": null,
    "provincia": "Torino",
    "regione": "Piemonte",
    "abitanti": null,
    "immagine": null
  },
  {
    "nome_comune": "Cintano",
    "codice_provincia": "TO",
    "lat": 45.427971,
    "lon": 7.6867646,
    "superficie_kmq": 5.0355,
    "flag_capoluogo": "NO",
    "pageviews": null,
    "provincia": "Torino",
    "regione": "Piemonte",
    "abitanti": null,
    "immagine": "https://upload.wikimedia.org/wikipedia/commons/thumb/d/d3/Cintano_chiesa_parrocchiale.jpg/330px-Cintano_chiesa_parrocchiale.jpg"
  },
  {
    "nome_comune": "Cinzano",
    "codice_provincia": "TO",
    "lat": 45.093875,
    "lon": 7.9210939,
    "superficie_kmq": 6.1823,
    "flag_capoluogo": "NO",
    "pageviews": null,
    "provincia": "Torino",
    "regione": "Piemonte",
    "abitanti": null,
    "immagine": null
  },
  {
    "nome_comune": "Ciriè",
    "codice_provincia": "TO",
    "lat": 45.2317279,
    "lon": 7.6045879,
    "superficie_kmq": 17.843,
    "flag_capoluogo": "NO",
    "pageviews": null,
    "provincia": "Torino",
    "regione": "Piemonte",
    "abitanti": null,
    "immagine": "https://upload.wikimedia.org/wikipedia/commons/thumb/1/17/Chiesa_di_San_Martino_2_%28Ciri%C3%A8%29.jpg/330px-Chiesa_di_San_Martino_2_%28Ciri%C3%A8%29.jpg"
  },
  {
    "nome_comune": "Claviere",
    "codice_provincia": "TO",
    "lat": 44.9385626,
    "lon": 6.7493542,
    "superficie_kmq": 2.6844,
    "flag_capoluogo": "NO",
    "pageviews": null,
    "provincia": "Torino",
    "regione": "Piemonte",
    "abitanti": null,
    "immagine": "https://upload.wikimedia.org/wikipedia/commons/thumb/7/7b/Chiesa_Parrocchiale_di_Claviere.JPG/330px-Chiesa_Parrocchiale_di_Claviere.JPG"
  },
  {
    "nome_comune": "Coassolo Torinese",
    "codice_provincia": "TO",
    "lat": 45.3010009,
    "lon": 7.4614939,
    "superficie_kmq": 27.9457,
    "flag_capoluogo": "NO",
    "pageviews": null,
    "provincia": "Torino",
    "regione": "Piemonte",
    "abitanti": null,
    "immagine": "https://upload.wikimedia.org/wikipedia/commons/thumb/5/5e/Coassolo_pan_da_monastero_di_lanzo.jpg/330px-Coassolo_pan_da_monastero_di_lanzo.jpg"
  },
  {
    "nome_comune": "Coazze",
    "codice_provincia": "TO",
    "lat": 45.0514171,
    "lon": 7.2947246,
    "superficie_kmq": 56.0503,
    "flag_capoluogo": "NO",
    "pageviews": null,
    "provincia": "Torino",
    "regione": "Piemonte",
    "abitanti": null,
    "immagine": "https://upload.wikimedia.org/wikipedia/commons/thumb/d/d7/Coazze_-_Chiesa_di_Santa_Maria_del_Pino_laterale.jpg/330px-Coazze_-_Chiesa_di_Santa_Maria_del_Pino_laterale.jpg"
  },
  {
    "nome_comune": "Collegno",
    "codice_provincia": "TO",
    "lat": 45.0774023,
    "lon": 7.5691576,
    "superficie_kmq": 18.1874,
    "flag_capoluogo": "NO",
    "pageviews": null,
    "provincia": "Torino",
    "regione": "Piemonte",
    "abitanti": null,
    "immagine": "https://upload.wikimedia.org/wikipedia/commons/thumb/8/8a/Lavanderia_a_Vapore.JPG/330px-Lavanderia_a_Vapore.JPG"
  },
  {
    "nome_comune": "Colleretto Castelnuovo",
    "codice_provincia": "TO",
    "lat": 45.4214414,
    "lon": 7.6789845,
    "superficie_kmq": 6.3067,
    "flag_capoluogo": "NO",
    "pageviews": null,
    "provincia": "Torino",
    "regione": "Piemonte",
    "abitanti": null,
    "immagine": "https://upload.wikimedia.org/wikipedia/commons/thumb/d/d4/Colleretto_Castelnuovo_panorama_sullo_sfondo_il_santuario_di_Santa_Elisabetta.jpg/330px-Colleretto_Castelnuovo_panorama_sullo_sfondo_il_santuario_di_Santa_Elisabetta.jpg"
  },
  {
    "nome_comune": "Colleretto Giacosa",
    "codice_provincia": "TO",
    "lat": 45.4328712,
    "lon": 7.799995,
    "superficie_kmq": 4.6628,
    "flag_capoluogo": "NO",
    "pageviews": null,
    "provincia": "Torino",
    "regione": "Piemonte",
    "abitanti": null,
    "immagine": "https://upload.wikimedia.org/wikipedia/commons/thumb/c/ca/Colleretto_Giacosa_Peasaggio_02.JPG/330px-Colleretto_Giacosa_Peasaggio_02.JPG"
  },
  {
    "nome_comune": "Condove",
    "codice_provincia": "TO",
    "lat": 45.1170113,
    "lon": 7.3105314,
    "superficie_kmq": 70.9524,
    "flag_capoluogo": "NO",
    "pageviews": null,
    "provincia": "Torino",
    "regione": "Piemonte",
    "abitanti": null,
    "immagine": null
  },
  {
    "nome_comune": "Corio",
    "codice_provincia": "TO",
    "lat": 45.3127335,
    "lon": 7.532602,
    "superficie_kmq": 41.6073,
    "flag_capoluogo": "NO",
    "pageviews": null,
    "provincia": "Torino",
    "regione": "Piemonte",
    "abitanti": null,
    "immagine": null
  },
  {
    "nome_comune": "Cossano Canavese",
    "codice_provincia": "TO",
    "lat": 45.3883116,
    "lon": 7.9934226,
    "superficie_kmq": 3.1156,
    "flag_capoluogo": "NO",
    "pageviews": null,
    "provincia": "Torino",
    "regione": "Piemonte",
    "abitanti": null,
    "immagine": "https://upload.wikimedia.org/wikipedia/commons/thumb/1/1a/Cossano_canavese_panorama.jpg/330px-Cossano_canavese_panorama.jpg"
  },
  {
    "nome_comune": "Cuceglio",
    "codice_provincia": "TO",
    "lat": 45.3587593,
    "lon": 7.814872,
    "superficie_kmq": 7.0072,
    "flag_capoluogo": "NO",
    "pageviews": null,
    "provincia": "Torino",
    "regione": "Piemonte",
    "abitanti": null,
    "immagine": "https://upload.wikimedia.org/wikipedia/commons/thumb/8/80/Cuceglio_Panorama.jpg/330px-Cuceglio_Panorama.jpg"
  },
  {
    "nome_comune": "Cumiana",
    "codice_provincia": "TO",
    "lat": 44.9827474,
    "lon": 7.3741814,
    "superficie_kmq": 60.8053,
    "flag_capoluogo": "NO",
    "pageviews": null,
    "provincia": "Torino",
    "regione": "Piemonte",
    "abitanti": null,
    "immagine": null
  },
  {
    "nome_comune": "Cuorgnè",
    "codice_provincia": "TO",
    "lat": 45.3913262,
    "lon": 7.648696,
    "superficie_kmq": 19.1172,
    "flag_capoluogo": "NO",
    "pageviews": null,
    "provincia": "Torino",
    "regione": "Piemonte",
    "abitanti": null,
    "immagine": null
  },
  {
    "nome_comune": "Druento",
    "codice_provincia": "TO",
    "lat": 45.1342731,
    "lon": 7.5762577,
    "superficie_kmq": 27.518,
    "flag_capoluogo": "NO",
    "pageviews": null,
    "provincia": "Torino",
    "regione": "Piemonte",
    "abitanti": null,
    "immagine": "https://upload.wikimedia.org/wikipedia/commons/thumb/4/42/ComuneDruento.jpg/330px-ComuneDruento.jpg"
  },
  {
    "nome_comune": "Exilles",
    "codice_provincia": "TO",
    "lat": 45.0974883,
    "lon": 6.9296051,
    "superficie_kmq": 46.5827,
    "flag_capoluogo": "NO",
    "pageviews": null,
    "provincia": "Torino",
    "regione": "Piemonte",
    "abitanti": null,
    "immagine": "https://upload.wikimedia.org/wikipedia/commons/thumb/e/e2/ExillesForte.JPG/330px-ExillesForte.JPG"
  },
  {
    "nome_comune": "Favria",
    "codice_provincia": "TO",
    "lat": 45.332876,
    "lon": 7.687937,
    "superficie_kmq": 14.9446,
    "flag_capoluogo": "NO",
    "pageviews": null,
    "provincia": "Torino",
    "regione": "Piemonte",
    "abitanti": null,
    "immagine": "https://upload.wikimedia.org/wikipedia/commons/thumb/9/92/Favria-Bandiera_2.svg/330px-Favria-Bandiera_2.svg.png"
  },
  {
    "nome_comune": "Feletto",
    "codice_provincia": "TO",
    "lat": 45.3054802,
    "lon": 7.7471143,
    "superficie_kmq": 8.0921,
    "flag_capoluogo": "NO",
    "pageviews": null,
    "provincia": "Torino",
    "regione": "Piemonte",
    "abitanti": null,
    "immagine": null
  },
  {
    "nome_comune": "Fenestrelle",
    "codice_provincia": "TO",
    "lat": 45.0339532,
    "lon": 7.051734,
    "superficie_kmq": 49.1852,
    "flag_capoluogo": "NO",
    "pageviews": null,
    "provincia": "Torino",
    "regione": "Piemonte",
    "abitanti": null,
    "immagine": null
  },
  {
    "nome_comune": "Fiano",
    "codice_provincia": "TO",
    "lat": 45.2181318,
    "lon": 7.519751,
    "superficie_kmq": 11.9079,
    "flag_capoluogo": "NO",
    "pageviews": null,
    "provincia": "Torino",
    "regione": "Piemonte",
    "abitanti": null,
    "immagine": null
  },
  {
    "nome_comune": "Fiorano Canavese",
    "codice_provincia": "TO",
    "lat": 45.4675874,
    "lon": 7.8289681,
    "superficie_kmq": 4.4557,
    "flag_capoluogo": "NO",
    "pageviews": null,
    "provincia": "Torino",
    "regione": "Piemonte",
    "abitanti": null,
    "immagine": "https://upload.wikimedia.org/wikipedia/commons/thumb/a/ad/Fiorano_Canavese_panorama.jpg/330px-Fiorano_Canavese_panorama.jpg"
  },
  {
    "nome_comune": "Foglizzo",
    "codice_provincia": "TO",
    "lat": 45.2720467,
    "lon": 7.8231524,
    "superficie_kmq": 15.6107,
    "flag_capoluogo": "NO",
    "pageviews": null,
    "provincia": "Torino",
    "regione": "Piemonte",
    "abitanti": null,
    "immagine": "https://upload.wikimedia.org/wikipedia/commons/thumb/6/66/Foglizzo_santa_maria_maddalena.jpg/330px-Foglizzo_santa_maria_maddalena.jpg"
  },
  {
    "nome_comune": "Forno Canavese",
    "codice_provincia": "TO",
    "lat": 45.3467729,
    "lon": 7.5867669,
    "superficie_kmq": 16.5492,
    "flag_capoluogo": "NO",
    "pageviews": null,
    "provincia": "Torino",
    "regione": "Piemonte",
    "abitanti": null,
    "immagine": null
  },
  {
    "nome_comune": "Frassinetto",
    "codice_provincia": "TO",
    "lat": 45.4360589,
    "lon": 7.6057321,
    "superficie_kmq": 24.8678,
    "flag_capoluogo": "NO",
    "pageviews": null,
    "provincia": "Torino",
    "regione": "Piemonte",
    "abitanti": null,
    "immagine": "https://upload.wikimedia.org/wikipedia/commons/thumb/6/64/S_Bartolomeo_Frassinetto.jpg/330px-S_Bartolomeo_Frassinetto.jpg"
  },
  {
    "nome_comune": "Front",
    "codice_provincia": "TO",
    "lat": 45.2794926,
    "lon": 7.6657259,
    "superficie_kmq": 10.9346,
    "flag_capoluogo": "NO",
    "pageviews": null,
    "provincia": "Torino",
    "regione": "Piemonte",
    "abitanti": null,
    "immagine": null
  },
  {
    "nome_comune": "Frossasco",
    "codice_provincia": "TO",
    "lat": 44.9334809,
    "lon": 7.3508656,
    "superficie_kmq": 20.2477,
    "flag_capoluogo": "NO",
    "pageviews": null,
    "provincia": "Torino",
    "regione": "Piemonte",
    "abitanti": null,
    "immagine": null
  },
  {
    "nome_comune": "Garzigliana",
    "codice_provincia": "TO",
    "lat": 44.8367675,
    "lon": 7.3747354,
    "superficie_kmq": 7.1974,
    "flag_capoluogo": "NO",
    "pageviews": null,
    "provincia": "Torino",
    "regione": "Piemonte",
    "abitanti": null,
    "immagine": "https://upload.wikimedia.org/wikipedia/commons/thumb/b/ba/Santuario_di_Montebruno_001.jpg/330px-Santuario_di_Montebruno_001.jpg"
  },
  {
    "nome_comune": "Gassino Torinese",
    "codice_provincia": "TO",
    "lat": 45.1274618,
    "lon": 7.8246237,
    "superficie_kmq": 20.0507,
    "flag_capoluogo": "NO",
    "pageviews": null,
    "provincia": "Torino",
    "regione": "Piemonte",
    "abitanti": null,
    "immagine": null
  },
  {
    "nome_comune": "Germagnano",
    "codice_provincia": "TO",
    "lat": 45.2620584,
    "lon": 7.4666277,
    "superficie_kmq": 14.2223,
    "flag_capoluogo": "NO",
    "pageviews": null,
    "provincia": "Torino",
    "regione": "Piemonte",
    "abitanti": null,
    "immagine": "https://upload.wikimedia.org/wikipedia/commons/thumb/d/de/Germagnano_veduta.jpg/330px-Germagnano_veduta.jpg"
  },
  {
    "nome_comune": "Giaglione",
    "codice_provincia": "TO",
    "lat": 45.1397024,
    "lon": 7.0141191,
    "superficie_kmq": 33.6589,
    "flag_capoluogo": "NO",
    "pageviews": null,
    "provincia": "Torino",
    "regione": "Piemonte",
    "abitanti": null,
    "immagine": null
  },
  {
    "nome_comune": "Giaveno",
    "codice_provincia": "TO",
    "lat": 45.0447344,
    "lon": 7.3530799,
    "superficie_kmq": 71.9214,
    "flag_capoluogo": "NO",
    "pageviews": null,
    "provincia": "Torino",
    "regione": "Piemonte",
    "abitanti": null,
    "immagine": "https://upload.wikimedia.org/wikipedia/commons/thumb/1/16/Giaveno_-_Comune_di_Giaveno.jpg/330px-Giaveno_-_Comune_di_Giaveno.jpg"
  },
  {
    "nome_comune": "Givoletto",
    "codice_provincia": "TO",
    "lat": 45.1588163,
    "lon": 7.4968477,
    "superficie_kmq": 13.1063,
    "flag_capoluogo": "NO",
    "pageviews": null,
    "provincia": "Torino",
    "regione": "Piemonte",
    "abitanti": null,
    "immagine": "https://upload.wikimedia.org/wikipedia/commons/thumb/4/46/Chiesa_Parrocchiale_San_Secondo.JPG/330px-Chiesa_Parrocchiale_San_Secondo.JPG"
  },
  {
    "nome_comune": "Gravere",
    "codice_provincia": "TO",
    "lat": 45.1239955,
    "lon": 7.0209034,
    "superficie_kmq": 18.9759,
    "flag_capoluogo": "NO",
    "pageviews": null,
    "provincia": "Torino",
    "regione": "Piemonte",
    "abitanti": null,
    "immagine": null
  },
  {
    "nome_comune": "Groscavallo",
    "codice_provincia": "TO",
    "lat": 45.3688981,
    "lon": 7.2823768,
    "superficie_kmq": 92.2074,
    "flag_capoluogo": "NO",
    "pageviews": null,
    "provincia": "Torino",
    "regione": "Piemonte",
    "abitanti": null,
    "immagine": "https://upload.wikimedia.org/wikipedia/commons/thumb/4/47/Groscavallo.jpg/330px-Groscavallo.jpg"
  },
  {
    "nome_comune": "Grosso",
    "codice_provincia": "TO",
    "lat": 45.2578068,
    "lon": 7.558266,
    "superficie_kmq": 4.3392,
    "flag_capoluogo": "NO",
    "pageviews": null,
    "provincia": "Torino",
    "regione": "Piemonte",
    "abitanti": null,
    "immagine": null
  },
  {
    "nome_comune": "Grugliasco",
    "codice_provincia": "TO",
    "lat": 45.0619938,
    "lon": 7.5777858,
    "superficie_kmq": 13.0865,
    "flag_capoluogo": "NO",
    "pageviews": null,
    "provincia": "Torino",
    "regione": "Piemonte",
    "abitanti": null,
    "immagine": "https://upload.wikimedia.org/wikipedia/commons/thumb/4/49/GruliascoCentre.jpg/330px-GruliascoCentre.jpg"
  },
  {
    "nome_comune": "Ingria",
    "codice_provincia": "TO",
    "lat": 45.4661534,
    "lon": 7.5708119,
    "superficie_kmq": 15.2309,
    "flag_capoluogo": "NO",
    "pageviews": null,
    "provincia": "Torino",
    "regione": "Piemonte",
    "abitanti": null,
    "immagine": null
  },
  {
    "nome_comune": "Inverso Pinasca",
    "codice_provincia": "TO",
    "lat": 44.9471112,
    "lon": 7.2159869,
    "superficie_kmq": 8.0552,
    "flag_capoluogo": "NO",
    "pageviews": null,
    "provincia": "Torino",
    "regione": "Piemonte",
    "abitanti": null,
    "immagine": "https://upload.wikimedia.org/wikipedia/commons/thumb/6/6f/13_03_15_inverso_pinasca_municipio.jpg/330px-13_03_15_inverso_pinasca_municipio.jpg"
  },
  {
    "nome_comune": "Isolabella",
    "codice_provincia": "TO",
    "lat": 44.9066201,
    "lon": 7.9093993,
    "superficie_kmq": 4.8314,
    "flag_capoluogo": "NO",
    "pageviews": null,
    "provincia": "Torino",
    "regione": "Piemonte",
    "abitanti": null,
    "immagine": null
  },
  {
    "nome_comune": "Issiglio",
    "codice_provincia": "TO",
    "lat": 45.4468372,
    "lon": 7.7540952,
    "superficie_kmq": 5.4014,
    "flag_capoluogo": "NO",
    "pageviews": null,
    "provincia": "Torino",
    "regione": "Piemonte",
    "abitanti": null,
    "immagine": "https://upload.wikimedia.org/wikipedia/commons/thumb/5/50/Ponte_sul_Savenca%2C_Issiglio%2C_Piemonte.jpg/330px-Ponte_sul_Savenca%2C_Issiglio%2C_Piemonte.jpg"
  },
  {
    "nome_comune": "Ivrea",
    "codice_provincia": "TO",
    "lat": 45.4662336,
    "lon": 7.8759117,
    "superficie_kmq": 30.5098,
    "flag_capoluogo": "NO",
    "pageviews": null,
    "provincia": "Torino",
    "regione": "Piemonte",
    "abitanti": null,
    "immagine": null
  },
  {
    "nome_comune": "La Cassa",
    "codice_provincia": "TO",
    "lat": 45.181817,
    "lon": 7.5191053,
    "superficie_kmq": 11.8554,
    "flag_capoluogo": "NO",
    "pageviews": null,
    "provincia": "Torino",
    "regione": "Piemonte",
    "abitanti": null,
    "immagine": "https://upload.wikimedia.org/wikipedia/commons/thumb/9/99/La_cassa_da_monte_bernard.jpg/330px-La_cassa_da_monte_bernard.jpg"
  },
  {
    "nome_comune": "La Loggia",
    "codice_provincia": "TO",
    "lat": 44.9566817,
    "lon": 7.6676999,
    "superficie_kmq": 13.0895,
    "flag_capoluogo": "NO",
    "pageviews": null,
    "provincia": "Torino",
    "regione": "Piemonte",
    "abitanti": null,
    "immagine": null
  },
  {
    "nome_comune": "Lanzo Torinese",
    "codice_provincia": "TO",
    "lat": 45.2722552,
    "lon": 7.4765958,
    "superficie_kmq": 10.3843,
    "flag_capoluogo": "NO",
    "pageviews": null,
    "provincia": "Torino",
    "regione": "Piemonte",
    "abitanti": null,
    "immagine": null
  },
  {
    "nome_comune": "Lauriano",
    "codice_provincia": "TO",
    "lat": 45.1584257,
    "lon": 7.9915852,
    "superficie_kmq": 14.0697,
    "flag_capoluogo": "NO",
    "pageviews": null,
    "provincia": "Torino",
    "regione": "Piemonte",
    "abitanti": null,
    "immagine": "https://upload.wikimedia.org/wikipedia/commons/thumb/9/9d/Lauriano.jpg/330px-Lauriano.jpg"
  }
]